INSERT INTO "users" (name, email, password, "profilePic") VALUES ('Bob Esponja', 'bobesponja@gmail.com', '$2y$10$r.4Q7csj2n7ZVW0WpGwSSuf6vF1BbOmRmumYCa4ZmZ2e/kwjjXo7u', 'https://pbs.twimg.com/profile_images/1057114902047920128/p9gBBUa3_400x400.jpg');
INSERT INTO "users" (name, email, password, "profilePic") VALUES ('Baby Yoda', 'babyyoda@gmail.com', '$2y$10$mKWaR4NRInskD/MCXm9g9O6IoiHtiq4idYx7qD1Zii.UoUkt/EBpS', 'data:image/jpeg;base64,/9j/4AAQSkZJRgABAQAAAQABAAD/2wCEAAoHCBUWFRgVFRYZGBgZGhoYGRgYGhwcGBgYGhgaGRoYGBocIS4lHB4rIRgYJjgmKy8xNTU1GiQ7QDszPy40NTEBDAwMEA8QHhISHjQkJCQ0NDQ0NDQ0NDQ0NDQ0NDQ0MTQ0NDQ0NDQ0NDQ0NDQ0NDQ0NDQ0NDQ0NDQ0NDQ0ND80NP/AABEIAKgBLAMBIgACEQEDEQH/xAAcAAABBQEBAQAAAAAAAAAAAAAEAQIDBQYABwj/xAA9EAACAQIEAwUGBAYBBAMBAAABAgADEQQSITEFQVEGImFxgRMykaGxwRRC0fAVI1Jy4fFiJJKishZDUwf/xAAYAQADAQEAAAAAAAAAAAAAAAAAAQIDBP/EACIRAAMBAAICAgIDAAAAAAAAAAABAhEhMQMSQVEicQQTYf/aAAwDAQACEQMRAD8A87FKNdJYLSkdSnMfYbQCUjMsOyRppR6Iiw1LvCXrpoJXUE1lwRpOT+S+Dq8HyBOkJXCg2MjddYSK4FhDxleXobicKuQ6SkSn3wPEfWaDF1hllJQF6if3D6zoRzM0nFl/lfCVeHXuy540P5frKlB3Yp7LopK/vHzkRjnOp8420sxFEVWtOySzwnBalRcyqd1XUHdtRa2/L4w7DCsdrw7AYLONTqdrefObThHYFmzGp3QygJfUg37xPS4HpeanhXZqjhkI3AGrN1BvfX0+EXA0jzbEdm6rgFEPIaggE28oRV7DYnu5VGgs3I3udSPhPSm4iGawWyiwv1v08hJQ5NtTcm4HOwJ1PhaHQ+Dy9uxuJUe5qDqbi1vAfOH0sBXRdUP6zVY/iaoSBmbfUbeAHrAUxTt8DYbWv4czeP03sWpGfoO6HvKR6QPivE2GguP3z6HwmtD3AB1PT9YLjcBSe4KevMxf1oPYwgxJdrmWRcBYbjuBIPcUjyOt+pB5SjdHQd8W1sPnrpsNOcmoYaXeAqgc5YJUBMxy4k33lrgcdqLmQ5BM2ytZNIGte53gVbHrk0O4gdOvpIwekuIOeoF8Z6X2ewuSmPGee9ncOale52E9Ww6WUCbRINjcS1lmW4g280eObSZfiLx1zRUcFDiWlTXbWWGLeVVVxNZRNPkVTOvIDUjfayiWyvVYyokmtIqk5iyNUjvYxF3hVIQFgN7O0PGwiZI4LpMvKtRv4njIWgLXvLBhIhTleJYPycgrsxFo7h1H+an9whBSFcPp/wAxPObGSksuN+4POVZXu+ktuNjuqPGAGgxU2B26SJ7KszLLrJqNBm90X0vLTBdnsRUuVTofQ68prez/AGNcOGqEWKkXFtL2+POafsywquznY56pDVAcht4XF7nfwHznpmH4bTpqFVAANvkL+eg+EMo00poFvYAQCvWd7Ckyi7FbnlqNbDwPziYb9BFapdTsL6C+2nWUHF+OIwKI17aXOx/x/iP4vUREs7Fyt1JvYHroPG8z2Fw9JyzXKKup1uT4C8uZXbIptcI0GDoFlJcZRYEG/wCUjl5C17dZBjeMoSfZ6nXVttth01+8p8bxZLZVDECwF3PLbawlCxBPduB0J+8uY3smqzo0DcT1sy5jzbw3IB+MhGKzEnNa/hsPDoJWrXI5N520iNWB56/vlNPUz9mHpiyp19Op9Rp0jzifj4cv8ys9ofTwiB77G/hE5BUy19rfcyu4rg1qJ0tta/7/ANyP2xG2/wC9ItLEa2MlyWqMrXpZLi5NtL2sL7kSNKtjNJxDCZxZTbW/n4TO4jClN9+dth/naZVJZP8AjTteEYfGHrKmxktG9wOpkOUGnp/YlNcx5z0VKgtPPOz/AHEHlLmjxNmOWSqxmznhFpxXFACY3iOOHWWfF6xymYDE4hy5uDLnl6DWLCwxOIlZWr6xtR2tqDAK+a+010jAp60j9t4wFi3Qx3sn/pMZOB7GRNJ8sQpOU0BdoTSeMqJIlaMCwDSUbQKi5OkuqXDqjKLKTfprJpai/G+SvRbx3s5p+GdlD71Zwo6D3vKWLYLBoD3cx8Tc+cqViCq5MSmGZtlJ8hNDwvs1WurkW85bJxmkgIRF06/cwSv2mexA0PUDbwlJEOg88BQsGquoA5feParhqN1VA9tLWuL23JMyWI4mzbk733gb409YcIG6o12I4sEvlRFvYqB47HTwh+G4maND21Y5mf3E27vU+ExGAxQd1Q6lmVQfM2mjx+GFd3d2yYeiMtzsbaBVHPr6xuk+ifWt5K7G9unJN17p6A6ROH9oSEJRgTnDj4WImf43xahfJTpVKaj8zrYN45d1G+8pfaMhzIfhsZangGjZcT4qalzrYm5HQysGKNiL85HTfuZuttP0gxeNPCXOslNa5j1xQHpK6rUttB0N9/hLVMn1RbniuurSenj1bex85SezXc2HmYopi11PwN5X5fYnK+i9ZeaG/wDxP2MiD320MraGKI84fTrh99G69fONVpnU4Od9byNnnM1oOr6+sGBaYeqLZSYT+EFuo9JVK8Mo4oiRSHNNAeJwyg2sI2hRQMDaXKKlQWuAfH7Sq4jw50JyG9tvEfDSQzZNM1OFxgCbx2D4itybzH4ZapspJB6WlonDmA3NzM3KRp7M0OK4grA6zNV3DPYakywp8Ge2pMXA8NCPc/ONYDbZz8LdkGm4ldX4O+gtrN7TqoAAbSF6iZxtEmysMO/AHQZm28pMKVtJqe0OKQUzqJhvxhlTrRD4EVZzCSIkZWExGDVBJcDw0uM5ICA2OupI1sPjIXi0nZdjp05Rj7NHSTDJ+Tvaag7eUtK3aRh3aahQNB9PKZGnimHIGWX4xQoJT4GKmypnSbE8Sqv7zmBm/WT0cVTf/ieh/WPr4eZt0aTM/IJy3jHHjJCtoxlkVVfZrMx9AriQVIVUSDvTkfs1nF0FdlMMauMoqvJ87a27qd83PoB6zbcbx2StTDoi0qYqVwiAsrPTBK59NbGx9BK//wDmmEUNXrm91UIvgD3m/wDVZB2uX2+HVEcBldyCTYMr+8htsN51eNficvme1n0eX4/iVWs7VKjlndizXPMm9h0EKwGazBhZQQL9CdQPKc/C666+yJHXQj4g2l0gJwxwyoFLuHdybkkaAIo0HxuZ0OnixGCS+RMAxIyWuAfkTOxbAH1mj4FgqeVnqOFVBt+Z2yk6X5C3xMouIZGJK2HONJNkPcKiq9zaD4vFhBlHvfSGFQdtD1lTjMK4bNlLC2pGvy3Epy0EvgF9qSbt3vP7SajUsQVNj9P1kWYdPnCMNhXYaLp1bQeh3PpEmMssJWLpmIsbkXHhCKVQqb3EjwtMIoS9wNz1J+gkjNfbT1lpGdMLNW4J0+wgS1O9HOTbU39ZXu5BhTJmSx/F2jP4jrKarVN7SNZk2bTCZqMNjOYMvcDxMWyuAR15zBJnGoBt4ywwvEeRiVJhfhqeT0GjQp3zoo12MOwoUvr6TG4DiTLqp06TR4HiSPY3Ct4/7iqdFNZ2aqlSW0yvaHFhCbS0THMikmefdo8eWcyZl6aVXA2vx2pfRjIP45VvfNrKf2kRmm2GPJZYnjbv7xvB/wCIGAExIDNyFtBqsLKwaol5ztGgKBJBTj1SPtEUhipCKy90RiiWNfD9y/hJfRclKBpJqGOdNPeHQ8vIxiLEKSl0Kuw9cWjf8T4/rHBL7a+UARZouHYTIhY7mJwhptdFS1MwaoCOU9OeigopkRWzKpC2AuMo3Nr7zK8T4UXFwhQZeRuC3jqbf6kLxqi15WiHslxEJTrpzuH8xbKfmB8YK2Ry18wubixAA63BB/Ymeaq+GrByGHJlN+8p3Av8R5SbE4tSc6NdW26+R6GbSvXgzqvZ6HYmhTXQMzdbnT0tvEwCGo4poBc6Zj7qAneUlTFnrI8LxRqTh11IOgHXzmioyaNv2g4TTooqe0DMNSfW2nmb/OYxsLdrlrxK/FMTUu7qmvInXT/cDbFP/SPjKlr5E5fwHAW8pxYcvjK1sU3NT6axFxX72lexCllgb+B8baxDmPOCDER3t4vZFYwlVAjGcQc1pGasehgQXglV7EmNatI/aX32gQ+yJm+cnw4A15xETNooh1LAHpJqdRtN+vIj10tqx9BAHIJuvz3lhUwtoKaVjMl41PRdeR12Ow+IZdjLTDcQB30MrfZaXEZL5Rm5VG54dxnQK+o69IPxjgS1QXpOOtjt5TK0a7LLnh3GShAB06RpkOXJSYzC5Gt+79DBGM3706OJAvo3Q7HnudjMrxvhLUnsAcp2O4JN9rbR6HZURIrC28SMD0BhImWTOZGTMTQYyyAydnkYklD6S6jzl7iAPZmUlM2IhuJxPdtIouSrVd4TgsC1Q2HxkSoSdBvNjwHCBEF9zqZU8TrClzhSU+FBCCdZYY5wtM23tC8c4ubCVjL7RlTm7BR6m0VPVwNJI2nDL/h6AtYmmnLqsk9mdl029VuTfwv9oW9IKABoBlUeWgsNd5A6MWC6a6bXPI320tZh8JHOkplbxLCU3Qq4z6g5SoOouLnMLbXGsw3FeyFJXL0W0KlmTNpva6jlbXnPSWwtMIc+t/eOxJNtSfIj9mRYXAUCM/sltYWuLnLvpfbeaJ4JtM8G4xg3oOFKuAwupKkXv001gWHxoB0t959E+1BTMgAQ3ylADm6ZQB5kzIccrYJrpWoo9ibt3Qyn/iV1+fKXNbxhLk8vp4gFtYtVlvLrGcHwbG9JqtLQWFxUW/XvWP8A5cpm8ZhnQkEZhewddj6bjyM1UkMeXA2kb1hBWqHnIi8MEFmqOUb7edT4fWbam/8A2kfMyZeDVz+QD+5lH3jwAc1o01ZZJwFvzuo390E/pCafCqK6ks/yX5frHgFZhcI9TYged/oJaUuCqNXe/UCw16b+UJGIVRZAAByFhy56byJ8UT4+Ouuu0NQ8C0CJoAB8OUZVreXy/WA+08t9YjOZLY/UlqVR1gz/AFnNORSYh4LiiAloBRxXJvj+st8Zw93UFQTcD4jSVn8HqdIcYS9J8vMaiIYXheE1QNBp0MnPC6n9Ml4NNg2FxrIdzNTguJpVQo53Fr7H06GZ/wDhdT+mN/COmu0aYnPyiPjHAXpnMt3Q7MBsOhlRkPQzVYfiBIyupt/UNvXw85XYvhILEqNDqNDK0lazSM8gqPI2qSB3mLNCUvEV4OWiBohoMWpqI/EvYiB0m1EI4gvuyK6NYL/hGFDC55TR0adl+kp+zvuC+l5fI4Fz6RKtKawCxFHTaVPDKmXF0b//AKAfHSX1aqCDMxjQ2dWT31YMtuRBuJaM2envz/zbT9mDM4XTckXsL3sDz6A2PneLiK2hsTqt9Nxfb6/KANVY9/MQuVR3goFzouvP39fISG+RSjixeoqEC2rEG5a5F/dGgXUC5+8re1XEgClBWy5mAYgXNs1gBbrqLX5crycYsIrHctdi+awVLEi53LDMdAOUzF2aq1RgRltp7gtmJzMb3UWLDYE30veNDzk0vHeJLh6QsBooRFAGllJ28PATx/inFyXtqxPTlNR2i4utVCQdTZQCG9wE2K3Ol/LkPXDuLuSek28axCoMwlWo2y6eJ0ltSoAjvv5gf51lXQf97Qhqp/3ymqeGbWmjwmBwAHfV22BzMdDqR7ttOuptaA1eI0UP8mjTQa94AljcHmwB57naUT1Sd/8AOu+siLeUnCixq8RY7nx53v8AAdYO+JY3/QQYN0/T6Rpb9nePRYTNVPX0sPvI2Y3vGA+Ov2jgeUNAQTrzmIjGP7+mkQDwPhOIjM37t6Rc0NDCUj/cmwlK5AGt9vG/7tBxWUabnmB08enOXPZ7EIr5iMxG3QdD5wDhG2w/CAqKp3CgHztrFPCVgNTjtpH/AB+ZZReyXK8OUDlJEwKdBKFu0QjE7QEmL1oNk0w4enSQYng6NyEpv4/pvJG4+Mga8MoNQYvBEHKL/CF6SrXtMOsf/wDJl6ysoWyZdnjC0ZmjgIiRQsdknLH3iGLh6feHnNTR4OXGYiwG5Og+MG7McJDk1n0pprc7Mw1tbfp8Y/iXHWckXsg2UbDlyhip+pWuVqLOhkQZVZfjaW3CMD7RGdyQt8qhT7x639bTzipxIzYLxRqPD6LK3efM9x/fou3T6RuZS4JVVTxl7ROHQ+4WPi1xKjiXG0FRQETKN7AA3tca+kyX8XYXuxvzHXx+crsTxEs+p01N9jexFvLWDktHqXCeMJVpIxIH5GNx3WU6aeItDqiBUA7qqNNdN7WFzz3130nlnZfgtWu/tSzJSXdgSM56AcxPRRiUyMM5BVVAYtqct7XPWYtJMrDBcV424LX0a48TcBA1ulwq2O+9vCbDuHoZlGnvEBScza2tc3Fsu+uwtzmW4vVY1Xv/AFfa3wmn7KVwcNWQ5TqCAehU9NhcXvNsxEp8mYxlZidRbw1+plcPe9B+v3hmNa7MbczYAWA5kW6QFD328/ppNUQ+w1dP3aKbW+fQfaMCiNv5QAR41vOI0QkdYgwX99Yv7/ZjAR1i5xDR4Lmiq8HfEgdTESoTytAAgmRlpx8dYt4C0ab9Y2ghYk8uQ8eXzjwmY9BzPWSK3JPjyhghlCgVWxHebe/Txlrw+ywIHLqTc3jaeKsb+FvCVosLXiNcgg2NiN+VxAfxcLp1GKG1jzIOzDof1gDohXOnu7FTuh6Hw8YYIf8AiY78daBl1iZ1iAnq40mGYeuWo28fvKpnWG4CoCjCDQaIbxusczSPNKJD1MkDRipJaVFnYKoJZjYAbknlMDRDc0LweDqVCMqkjm1tB6zT8M7NohHtO+9rkbonO3ifGNxNZ6j+zpqxANtDYX6nkAIIrCbKq0vYrmJIvlW2wO7dBr8plKzqp0TMPDUX9JqceiUQEF6tdzY6nL3tMtr6jzvLbDolNAHVBbQkKFXxt1ElSpbf2VrfBj14OHoCte175ha+WxNjE7T4zu0aak5UphSPG1gdPD7ybjPEQ9QinZEUaaWzeY2ImQ4hi2ZzmOvyPj85cy95JbRI1T/HOScHw3taoVtFuM3j4DzgD4jQ/SHdjGLYpF5HX1vLpcAnyelcbx64ejkSwsAoC6a+AmTxvFP+nIvqb3+lpB2y4jnrlAe6hy+ZG8z2Jr3FuUxXj4TKdclX7Qq4YflIYehvPRuO4JsM7lCFzAPYfmDbDLysSZ51WW4mpxufEUFxQdgcqo6k3JemoTMDpa471raXmlLomX2UteoSbmwJ1NtvSRpcmyjx+8kwboHUumYA6i5hXFcGFAq0/cJIuOR3H1huPA/0rzUbrpOJY85Hnjtx5H6/6jAd7MnnO9kOcareM5nMYiRaY6RXSQq5ilogOKARytIy0VB1jEK1ydOXhHKh6f8Ad+gjs9o1qnjDRkoUczfw5RGrW0kBcnaKqRkkhN9T8Io1NohNpNRSPAbCsM5EnNIXDrYX0N/dN/ysOkFEnw9fkeY/xGSD47hgyl6RuB76H30/UeMpiZosWhXLUQ94aHow5AwGtQVxnQWF7Mv9DfoYAVRh/Dn7rSN6Ij8MLAwAlLxt4kSAi/UCazgGHSghrv75FlB3RTzAP5j8hKfs7g0d81QhaaEAk7F2NkU9eZI6C3OF9oOJBKzogzBdyWuzG2pJHP6dJglrw265LPH8VTIVoAvUJAYXswubXuAfjtC6Dth8NUOQAhS7MW5lgmW4Nybm50AGa24mV4dxhC4esFIS+UZQTy0v5iS43tMaq1gLKvs8ijl76k3A5m3yGw3v1YexYdmEDuz932mQsLv3RmIUEdPeOp+8m4rxPD0yA7h3U2sB3VIuLgD6n0mIocVdEcIbB1Ckj3hZgSAeV8olfUqXJJOpJJJ1Nyb3MpxzolXBbY/FK7uym4Jme4nbQg6iEpUIPgZBj17t5SRDYEKxtaajsBT/AOpzn8iM3r+wZlllzwLFmn7RhuUyj1uPvFS1NDT5QnEq+eo773Yn5wJnvHuZCwizFgDCZrOxFUMtWg3Ozr4/lYf+pmTYQ7gWP9jiEqH3Q1m/sOh+t/STS2SpeM0uP4YguSD103J5AeH+ZAmFZQVtmQjvKfd019D0M0HFqYHS325Sr/Erqovex8gdSJgm2jQzuP4M6jOgYp1A28GtBcJhzldzsoyjpmbl8ATNNTxjpQrJmW5sVuRe1zcAHXXSV+LphMNQTZqmasx8GJVP/Fb+s1lt8MlooshkZWFsJGiXmhJCVIiAE85O6xy09IYIgRI4ASX2c5UhgiLKYq05OFjgY8DRipOJjnNo1FjFo5EvCkFo2mlozEPyEkOx+eIh1EgLGcjGPQwtFN1I9QPGDe6c666WdP6l/WJSrZTJi9jmHut8jzENDCux6ZSCpujC6t9vMSPCnQyyekGUpsjm6n+h+v8AadpXJTKXVhYg2IjESGR3nM0beAHo2DUJhWpNdSU/Es4Gqt/9aacyuW9/6plsc6nvhrk2va/TVr8j1HjOnTGTYCBB1+Ujqu1sq6dbfpOnToXRk+yAP1v++c5yAbb/AKTp0QA9WtffTpOxJLKFGpnToACtTYbiE4dtD42nToMSHlo1jOnRDRGYgWLOkjN9h6rVMNSPPLlY8zl0Hymex1QhiL/CdOmU9s0fQAwvtqT8Za9pyBXyAWFKnTpDr3EVTfxveLOlfIvgpiI5FiTpYhrDUSURZ0CTrTss6dABGWda0WdABgFzJ0pzp0oQ8wVn1JiTomCInqTle0WdJZSOuTLCl7pHr8J06CEyahbUHY6GRcTomwfcjusev9Lfb0nTpZJVzp06Az//2Q==');
INSERT INTO "users" (name, email, password, "profilePic") VALUES ('Dev Senior', 'devsenior@gmail.com', '$2y$10$XLpd9J71VdSgVLOpF71DieSPmLsyfkxWgLX1ZFE3rXpk8xyrEFPI2', 'https://pics.me.me/senior-developer-junior-developer-t-s-thats-how-it-feels-63232900.png');

INSERT INTO hashtags (name) VALUES ('React');
INSERT INTO hashtags (name) VALUES ('Javascript');
INSERT INTO hashtags (name) VALUES ('Job');
INSERT INTO hashtags (name) VALUES ('Python');

INSERT INTO metadata (image, title, description) VALUES ('https://miro.medium.com/max/720/1*ZeX_5aGgnxyl-iH5JbR8LA.png','Manage AWS S3 files in React front-end with the help of Okta Securely','We’ll be integrating okta, SPA, and AWS. I have built an app that uses okta open id connect to authenticate and access s3 bucket resources.');
INSERT INTO metadata (image, title, description) VALUES ('https://miro.medium.com/max/720/0*4AO67F1KXBKckb35.png','MERN Stack uploading files with Multer','In this tutorial we will be learning to upload files using Multer in MERN stack. Initially I will be using postmannode.js with express and multer, then I’ll integrate file upload API in react.js as well.');
INSERT INTO metadata (image, title, description) VALUES ('https://miro.medium.com/max/720/0*UAAoiGhAfo6iQc-w.jpg','Comparing Node.js and React.js in 2022, which is better?','React.js and Node.js are freely available and they can be publicly accessible. Node.js is specifically utilized for flourishing or developing server-side applications. On the other hand, React.js is used for building user interfaces.');

INSERT INTO posts ("userId", "metadataId", "url", "content") VALUES (1,1,'https://medium.com/scalereal/manage-aws-s3-files-in-react-front-end-with-the-help-of-okta-securely-c61f5c68f465','Olha esse artigo sobre AWS e React!');
INSERT INTO posts ("userId", "metadataId", "url", "content") VALUES (2,2,'https://abbasimusab2000.medium.com/mern-stack-uploading-files-with-multer-dd86213f3cef', 'Pra quem quiser aprender mais sobre Multer');
INSERT INTO posts ("userId", "metadataId", "url", "content") VALUES (3,3,'https://thecompetenza.medium.com/comparing-node-js-and-react-js-in-2022-which-is-better-1d775cec35f4', 'Node.js ou React.js?');

INSERT INTO "hashtagsPosts" ("postId", "hashtagId") VALUES (1,1);
INSERT INTO "hashtagsPosts" ("postId", "hashtagId") VALUES (1,2);
INSERT INTO "hashtagsPosts" ("postId", "hashtagId") VALUES (2,1);
INSERT INTO "hashtagsPosts" ("postId", "hashtagId") VALUES (3,1);

INSERT INTO likes ("postId", "userId") VALUES (1,1);
INSERT INTO likes ("postId", "userId") VALUES (1,2);
INSERT INTO likes ("postId", "userId") VALUES (2,3);

INSERT INTO visits ("postId", count) VALUES (1,4);
INSERT INTO visits ("postId", count) VALUES (2,3);
INSERT INTO visits ("postId", count) VALUES (3,0);
